name,mae,rmse,r2
Persistence,2.4388059701492537,3.1228574744887334,0.7932425062817906
LinearRegression,2.043644872904254,2.5851732173189683,0.8583109698781232
RandomForest,1.8609654727782499,2.3553802552280856,0.8823805912748273
LightGBM,1.8421077959803858,2.3248958636294166,0.8854054558728793
